_id,address,company_name,email,phone_number,url
60cb1df3f266a20428a8849d,"SOUQ AL AIN,SHOP NO 5,SALWA ROAD,P.O.Box: 22252, Doha, Qatar",ISMAIL ALI AL ANSARI TRADING & CONT. CO.,[],"[""009744320300""]",http://www.aialansari.com
60cb1df8f266a20428a8849e,"Grand Hamad St, P.O.Box 339",Al Fardan Exchange,"[""customercare@alfardanexchange.com""]","[""44408234""]",http://www.alfardanexchange.com/
60cb1e02f266a20428a8849f,"Alfardan Centre, Grand Hamad Avenue, P.O. Box: 9948, Doha, Qatar",Alfardan Exchange Co,[],"[""(00974) 44408408""]",http://www.alfardan.com.qa
60cb1e0cf266a20428a884a0,"Building No:243, Al Waab Street, Al Waab 55, Doha, Doha, Qatar",Dr Khudsia Begum,[],"[""(00974) 44447585"",""+974 4447 5969""]",https://www.facebook.com/pages/Dr-Khudsia-Begum-Clinic-QATAR/464623696920237
60cb1e15f266a20428a884a1,"Post Office Box No. : 31348 Coffee Time Building, Al Wakara Main Street, Qatar, Doha",Maidsin Qatar,"[""info@maidsinqatar.com""]","[""97444356542""]",http://www.maidsinqatar.com/
60cb1e4af266a20428a884a2,"Ali Bin Abdulla Street, PO Box: 31645, Near Clock Round About, Doha, Qatar, Doha",Qatar UAE Exchange,"[""support.services@uaeexchange.com"",""customer.service@ae.uaeexchange.com""]","[""+974-44368324"",""+974-44445558""]",http://www.uaeexchange.com
60cb1e4ef266a20428a884a3,"P.O BOX 60964, , Qatar",CENTURY PROJECT &SERVICE CO,"[""info@centurydoha.com""]","[""+974 44723480""]",http://WWW.centurydoha.com
60cb1e53f266a20428a884a4,"P.O. Box: 32498, Bldg. 27, No.6, Umm Ghuwalina Street, Doha-Qatar, Doha",Boundless Business Solutions Specialists W.L.L. (BBSS),"[""contact@boundless-qatar.com""]","[""(+974) 44418706""]",http://www.boundless-qatar.com
60cb1e55f266a20428a884a5,"Doha, Doha, Qatar",Al Wakalat,[],"[""+974-55448915""]",http://www.alwakalat.com/arabic/index.php
60cb1e60f266a20428a884a6,"AL WAKRA, AL AJLAN 2 Building, 1st Floor, Office No. 4, CR NO. 70362, , Qatar",QHOLD Trading and Contracting W.L.L.,[],"[""(974) 40165722""]",http://www.qhold.com
60cb1e78f266a20428a884a7,"P.O.Box.40820, Gate No.45, Street 29 Al Karajat Street, Doha Qatar, Doha",Fabricast Wll,"[""sales.qatar@fabricast.net"",""csd2@fabricast.net"",""sales.kuwait@fabricast.net"",""info@fabricast.net""]","[""+97444783012""]",http://www.fabricast.net/qatar/
60cb1e7bf266a20428a884a8,"Near Bank Street, Doha, Qatar",City Exchange Qatar,[],"[""+97444769777""]",http://www.cityexchange.qa
60cb1e7ff266a20428a884a9,"Al Sadd Street, 37942, Doha, Qatar",UNIGROUP,[],"[""+9744415 7643""]",http://www.unigroup-qa.com
60cb1e81f266a20428a884aa,"P.O.Box 40842, Doha, Qatar",Al Khair Trading & Aluminium Company,[],"[""(00974) 44169448""]",http://www.alkhairtrading.com
60cb1e8cf266a20428a884ab,"Al Fardan Office Tower, 8th, 9th and 14th Floors, Al Funduq 61 West Bay, Doha, Qatar",Business Centre in Doha West Bay,[],"[""+974 4410 1555""]",http://www.regus.qa
60cb226913931e312d569987,"P.O. Box 1188 Ad Dawhah, Doha, Qatar",Western Union,[],"[""974 4424373""]",http://www.westernunion.com/Home
60cb227e13931e312d569988,"Al Wakalat St 29, Salwa Ind Area, P.O. Box: 21878, Doha, Qatar",Mona Trading And Machinery,"[""sales@monatm.com"",""service@monatm.com""]","[""974 4607850""]",http://www.monatm.com
60cb229b13931e312d569989,"Ain Khaled, Salwa Rd, P.O. Box: 1391",Mohammed Hamad Al Mana Group of Co. WLL,[],"[""44583000"",""44689083""]",http://www.mhalmanagroup.com
60cb234cd370a46d6f240f2c,"Salwa Rd, Mohammad Al Mana Building, P.O.Box 22577",Al Hamad Trading Est,"[""info@alhamadtrading.com""]","[""44688220""]",http://www.alhamadtrading.com
60cb234cd370a46d6f240f2d,"P.O.Box: 4206, Doha, Qatar",AHMED BIN ALI SOUQ BRANCH,null,"[""009744413133""]",null
60cb234cd370a46d6f240f2e,"P.O.Box: 4206, Doha, Qatar",AIRPORT BRANCH,null,"[""009744490186""]",null
60cb234cd370a46d6f240f2f,"Najma, P.O.Box 31075",Ajmal Trdg. & Contg. Co. WLL.,null,"[""44356129""]",null
60cb234cd370a46d6f240f30,"Al Mansourah, P.O.Box 1302",Aimco Trdg & Contg Co WLL,null,"[""44327969""]",null
60cb234cd370a46d6f240f31,"Barwa Village, Wakra, P.O.Box 60600",Aiwa Trdg. WLL,null,"[""44151256""]",null
60cb234cd370a46d6f240f32,"Airport Road, P.O.Box 90427",Advance Tech Trad & Cont,null,"[""44567037""]",null
60cb234cd370a46d6f240f33,"Po Box 3740, Doha, Qatar",AHMED M AL SADA GROUP OF COMPANIES,null,"[""009744326664""]",null
60cb234cd370a46d6f240f34,"Po Box 7407, Doha, Qatar",AJJAJ TRADING & CONTRACTING EST ( TRADING DIVISION ),null,"[""009744438260""]",null
60cb234dd370a46d6f240f35,"Al Markhiya R/A, P.O.Box 1001",Abdulrahman Bin Jassim Al Thani & Sons Co. - I.B.J Trdg.,null,"[""44869788""]",null
60cb234dd370a46d6f240f36,"Po Box 13586, Doha, Qatar",ALMANA ENTERPRISES,null,"[""009744883548""]",null
60cb234dd370a46d6f240f37,"Airport Road, P.O.Box 1553",Adiyat Trdg. & Contg. Est.,null,"[""44646227""]",null
60cb234dd370a46d6f240f38,"P.O. Box 860 Ad Dawhah, Doha, Qatar",A And H International Trading,null,"[""974 4351284""]",null
60cb234dd370a46d6f240f39,"Al Nasser, P.O.Box 23707",A & D Trdg.,null,"[""44327990""]",null
60cb234dd370a46d6f240f3a,"Po Box 134, Doha, Qatar",ABDUL RAZZAK QUANBER & ALI ISKANDER STORES,null,"[""009744423619""]",null
60cb234dd370a46d6f240f3b,"Gulf Business Centre, Muntazah, Nr. Al Meera, P.O.Box 24269",Adment Group for Trade and Services,null,"[""44166044""]",null
60cb234dd370a46d6f240f3c,"Al Najma, P.O.Box 4150",Abrao Trdg. WLL,null,"[""44315243""]",null
60cb234dd370a46d6f240f3d,"P.O. Box 2043 Ad Dawhah, Doha, Qatar",Strand Trading Restaurant,null,"[""974 4434220""]",null
60cb234dd370a46d6f240f3e,"Po Box 5713, Doha, Qatar",SULTAN & HAMAD CONTRACTING & TRADING CO,null,"[""009744600372""]",null
60cb234dd370a46d6f240f3f,"P.O. Box 9519 Ad Dawhah, Doha, Qatar",Tamima Traders,null,"[""974 4410068""]",null
60cb234dd370a46d6f240f40,"Souq Al Jaber, P.O.Box 30430",Simex Trading Company,null,"[""44414447""]",null
60cb234dd370a46d6f240f41,"P.O. Box 2073 Ad Dawhah, Doha, Qatar",Tradeline Establishment,null,"[""974 4430860""]",null
60cb234dd370a46d6f240f42,"P.O. Box 9556 Ad Dawhah, Doha, Qatar",Shaheen Electrical Wors & Tradeing,null,"[""974 4600230""]",null
60cb234dd370a46d6f240f43,"P.O.Box: 1974, Doha, Qatar",SHERATON GULF HOTEL OFFICE,null,"[""009744328606""]",null
60cb234dd370a46d6f240f44,"P.O.Box: 1974, Doha, Qatar",SHERATON DOHA HOTEL OFFICE,null,"[""009744831878""]",null
60cb234ed370a46d6f240f45,"P.O.Box: 22256, Doha, Qatar",SEA BASE BRANCH,null,"[""009744351445""]",null
60cb234ed370a46d6f240f46,"P.O.Box: 4206, Doha, Qatar",SALWA BRANCH,null,"[""009744681415""]",null
60cb234ed370a46d6f240f47,"P.O.Box: 41585, Doha, Qatar",QATAR NATIONAL BANK -INDUSTRIAL AREA BRANCH,null,"[""009744600344""]",null
60cb234ed370a46d6f240f48,"P.O.Box: 51024, Doha, Qatar",QATAR NATIONAL BANK - UMM SAID BRANCH,null,"[""009744721529""]",null
60cb234ed370a46d6f240f49,"Po Box 3081, Doha, Qatar",RENODA TRADING & CONTRACTING EST,null,"[""009744419535""]",null
60cb234ed370a46d6f240f4a,"P.O.Box: 1974, Doha, Qatar",QATAR NATIONAL BANK - RAS LAFFAN BRANCH,null,"[""009744739550""]",null
60cb234ed370a46d6f240f4b,"P.O.Box: 1638, Doha, Qatar",QATAR INTERNATIONAL ISLAMIC BANK (GHARAFFA BRANCH),null,"[""009744792180""]",null
60cb234ed370a46d6f240f4c,"P.O.Box: 1638, Doha, Qatar",QATAR INTERNATIONAL ISLAMIC BANK (WAKRAH BRANCH),null,"[""009744644811""]",null
60cb234ed370a46d6f240f4d,"P.O.Box: 1974, Doha, Qatar",QATAR NATIONAL BANK - QATAR UNIVERSITY,null,"[""009744892619""]",null
60cb234ed370a46d6f240f4e,"P.O.Box: 1638, Doha, Qatar",QATAR INERNATIONAL ISLAMIC BANK(HILAL BARANCH),null,"[""009744550300""]",null
60cb234ed370a46d6f240f4f,"P.O.Box: 25751, Doha, Qatar",QATAR NATIONAL BANK - AL-GHARAFFA BRANCH,null,"[""009744862343""]",null
60cb234ed370a46d6f240f50,"P.O.Box: 1638, Doha, Qatar",QATAR INERNATIONAL ISLAMIC BANK(AHLI HOSPITALB.),null,"[""009744874305""]",null
60cb234ed370a46d6f240f51,"P.O.Box: 1638, Doha, Qatar",QATAR INTERNATIONAL ISLAMIC (SALWA BRANCH),null,"[""009744693806""]",null
60cb234ed370a46d6f240f52,"P.O.Box: 1638, Doha, Qatar",QATAR INTERNATIONAL ISLAMIC BANK (RAYYAN BRANCH),null,"[""009744803649""]",null
60cb234ed370a46d6f240f53,"P.O.Box: 71196, Doha, Qatar",QATAR NATIONAL BANK - ALSHAMAL BRANCH,null,"[""009744731246""]",null
60cb234ed370a46d6f240f54,"P.O.Box: 4206, Doha, Qatar",RAS LAFFAN BRANCH,null,"[""009744739558""]",null
60cb234ed370a46d6f240f55,"Najma, Nr. Post Office, P.O.Box 302",Raed Trading & Services Co,null,"[""44327334""]",null
60cb234ed370a46d6f240f56,"American Hospital, 2nd Floor, P.O.Box 23038",Quality Trading Co WLL,null,"[""44328270""]",null
60cb234fd370a46d6f240f57,"P.O.Box: 1974, Doha, Qatar",Q-G-P-C OFFICE,null,"[""009744831218""]",null
60cb234fd370a46d6f240f58,"25 B-Ring Road, Ibn Dirhem St, P.O.Box 51",QTC - Qatar Trading Co WLL (Box 51) Board,null,"[""44252666""]",null
60cb234fd370a46d6f240f59,"P.O.Box: 91382, Doha, Qatar",QATAR - EMIRATES EXCHANGE EST.,null,"[""009744688011""]",null
60cb234fd370a46d6f240f5a,"Po Box 5653, Doha, Qatar",QATAR FIRE EXTINGUISHER FACTORY,null,"[""009744601480""]",null
60cb234fd370a46d6f240f5b,"P.O.Box: 1974, Doha, Qatar",QATAR NATIONAL BANK - HAMED GENERAL HOSPITAL BRANCH,null,"[""009744421517""]",null
60cb234fd370a46d6f240f5c,"P.O.Box: 1974, Doha, Qatar",QATAR NATIONAL BANK - AIR FORCE BASE BRANCH,null,"[""009744322016""]",null
60cb234fd370a46d6f240f5d,"P.O.Box: 4226, Doha, Qatar",QATAR NATIONAL BANK -AIRPORT BRANCH,null,"[""009744328125""]",null
60cb234fd370a46d6f240f5e,"P.O.Box: 2792, Doha, Qatar",QATAR NATIONAL BANK -MUSHAIREB BRANCH,null,"[""009744423643""]",null
60cb234fd370a46d6f240f5f,"P.O.Box: 10340, Doha, Qatar",QATAR NATIONAL BANK- AL-SADD BRANCH,null,"[""009744420448""]",null
60cb234fd370a46d6f240f60,"P.O.Box: 2975, Doha, Qatar",QATAR INTRNATIONAL BANK,null,"[""009744473700""]",null
60cb234fd370a46d6f240f61,"P.O.Box: 1974, Doha, Qatar",QATAR NATIONAL BANK - SALWA ROAD,null,"[""009744435871""]",null
60cb234fd370a46d6f240f62,"P.O.Box: 1974, Doha, Qatar",QATAR NATIONAL BANK - RAS GAS BRANCH,null,"[""009744407407""]",null
60cb234fd370a46d6f240f63,"P.O.Box: 1974, Doha, Qatar",QATAR NATIONAL BANK - CITY CENTRE BRANCH,null,"[""009744483520""]",null
60cb234fd370a46d6f240f64,"P.O.Box: 1974, Doha, Qatar",QATAR NATIONAL BANK - WEST BAY BANK,null,"[""009744440797""]",null
60cb2350d370a46d6f240f65,"P.O.Box: 1638, Doha, Qatar",QATAR INTERNATIONAL ISLAMIC BANK(AL-KAHRABA BRANCH),null,"[""009744436425""]",null
60cb2350d370a46d6f240f66,"CBQ Plaza Tower, Dafna, P.O.Box 15205",Q. Mobile,null,"[""44528228""]",null
60cb2350d370a46d6f240f67,"P.O. Box 9920 Ad Dawhah, Doha, Qatar",Qatar New Zealand Investment And Trade,null,"[""974 4422542""]",null
60cb2350d370a46d6f240f68,"Bin Omran, P.O.Box 18296",Newline Trading & Contg. WLL,null,"[""44117295""]",null
60cb2350d370a46d6f240f69,"Al Shafi St., New Rayan, P.O.Box 2577",Qatari European Trading & Cont. Center LLC,null,"[""44815082""]",null
60cb2350d370a46d6f240f6a,"P.O. Box 153 Ad Dawhah, Doha, Qatar",Navigation Trading Agencies Hino,null,"[""974 4413356""]",null
60cb2350d370a46d6f240f6b,"P.O.Box: 61004, Doha, Qatar",QATAR NATIONAL BANK - AL-KHOR BRANCH,null,"[""009744720127""]",null
60cb2350d370a46d6f240f6c,"P.O.Box: 91897, Doha, Qatar",QATAR NATIONAL BANK -AL-RAYYAN BRANCH,null,"[""009744807090""]",null
60cb2350d370a46d6f240f6d,"Po Box 90278, Doha, Qatar",NEW RAYYAN PHARMACY,null,"[""009744805649""]",null
60cb2351d370a46d6f240f6e,"Po Box 3114, Doha, Qatar",NATIONAL PRINTING PRESS CO,null,"[""009744423763""]",null
60cb2351d370a46d6f240f6f,"P.O. Box 2180 Ad Dawhah, Doha, Qatar",Mubara Bin Ayash Al-Mansoori Trading,null,"[""974 4325569""]",null
60cb2351d370a46d6f240f70,"P.O.Box: 3982, Doha, Qatar",NATIONAL EXCHANGE CO.,null,"[""009744321560"",""4327621""]",null
60cb2351d370a46d6f240f71,"Po Box 7425, Doha, Qatar",MOHAMMED AHMED AL OBAIDLY & PARTNERS CO,null,"[""009744411570""]",null
60cb2351d370a46d6f240f72,"Po Box 318, Doha, Qatar",NASSER BIN KHALED AL THANI & SONS CO,null,"[""009744327313""]",null
60cb2351d370a46d6f240f73,"P.O. Box 6318 Ad Dawhah, Doha, Qatar",National Exchange Company W.L.L.,null,"[""974 4422779""]",null
60cb2351d370a46d6f240f74,"Po Box 895, Doha, Qatar",MUFTAH BIN AMAN & SONS EAST,null,"[""009744422952""]",null
60cb2351d370a46d6f240f75,"Po Box 740, Doha, Qatar",NATIONAL FURNITURE,null,"[""009744414981""]",null
60cb2351d370a46d6f240f76,"Po Box 165, Doha, Qatar",MOHAMMED BIN NASSER FAKHROO TRADING & CONTRACTING EST,null,"[""009744324328""]",null
60cb2351d370a46d6f240f77,"P.O. Box 280 Ad Dawhah, Doha, Qatar",Mohd Haji Nazar Exchange,null,"[""974 4426585""]",null
60cb2351d370a46d6f240f78,"Salwa Road, P.O.Box 10071",Modern System for Irrigation & Agriculture Eng Co (MSCO),null,"[""44582091""]",null
60cb2351d370a46d6f240f79,"P.O. Box 4847 Ad Dawhah, Doha, Qatar",Gulf Finance And Exchange Company,null,"[""974 4414278""]",null
60cb2351d370a46d6f240f7a,"Bin Mahmoud, Near Ramada Hotel, P.O.Box 5319",Ghanem Al Thani Holdings WLL,null,"[""44428201""]",null
60cb2351d370a46d6f240f7b,"P.O. Box 6680 Ad Dawhah, Doha, Qatar",Gulf Waves Trading,null,"[""974 4433199""]",null
60cb2351d370a46d6f240f7c,"Po Box 22037, Doha, Qatar",GRANADA PHARMACY,null,"[""009744870484""]",null
60cb2351d370a46d6f240f7d,"Mansoura, Opp. Canara Jewellery, P.O.Box 8209",Fajar Al Khaleej Trading & Contg. Co. WLL,null,"[""44441029""]",null
60cb2351d370a46d6f240f7e,"P.O. Box 856 Ad Dawhah, Doha, Qatar",Electro Trade Company,null,"[""974 4424669""]",null
60cb2351d370a46d6f240f7f,"Old Airport Road, Nr. Giant Store, 2nd Floor, P.O.Box 32299",Expedition Trading & Services Co WLL,null,"[""44664200""]",null
60cb2352d370a46d6f240f80,"P.O.Box: 1428, Doha, Qatar",EASTERN EXCHANGE ESTABLISHMENT,null,"[""009744412655""]",null
60cb2352d370a46d6f240f81,"P.O. Box 3479 Ad Dawhah, Doha, Qatar",Eastern Trading And Technology,null,"[""974 4350124""]",null
60cb2352d370a46d6f240f82,"Po Box 145, Doha, Qatar",DOHA MOTORS & TRADING CO WLL,null,"[""009744651441""]",null
60cb2352d370a46d6f240f83,"Po Box 4385, Doha, Qatar",MIDDLE EAST FOR TRADING,null,"[""009744874713""]",null
60cb2352d370a46d6f240f84,"P.O.Box: 61634, Doha, Qatar",DOHA BANK -RAS LAFFAN BRANCH,null,"[""009744722915""]",null
60cb2352d370a46d6f240f85,"Po Box 17533, Doha, Qatar",MIDDLE EAST TYRES & TRADING COMPANY,null,"[""009744320664""]",null
60cb2352d370a46d6f240f86,"P.O.Box: 4206, Doha, Qatar",MESAID BRANCH,null,"[""009744771522""]",null
60cb2352d370a46d6f240f87,"PO Box 14054, Doha, Qatar",Midwil Trading Inc,null,"[""009744626121""]",null
60cb2352d370a46d6f240f88,"Indl Area, St. No. 46, Gate 53, P.O.Box 22425",Mawad Trading & Services WLL,null,"[""44503709""]",null
60cb2352d370a46d6f240f89,"P.O. Box 491 Ad Dawhah, Doha, Qatar",Mantel Al Mana Trading,null,"[""974 4311180""]",null
60cb2352d370a46d6f240f8a,"Po Box 2866, Doha, Qatar",KHATT TRADING INT CO,null,"[""009744448217""]",null
60cb2352d370a46d6f240f8b,"Muaither, P.O.Box 22051",Kawather Trading & Contracting Co WLL,null,"[""44361638""]",null
60cb2352d370a46d6f240f8c,"Po Box 496, Doha, Qatar",JOHER BIN SAEED AL MOHAMMED & SONS,null,"[""009744423474""]",null
60cb2352d370a46d6f240f8d,"P.O. Box 17778 Ad Dawhah, Doha, Qatar",Jaal Trading,null,"[""974 4438247""]",null
60cb2352d370a46d6f240f8e,"P.O.Box: 9094, Doha, Qatar",DOHA BANK - AL-MIRQAB BRANCH,null,"[""009744352051""]",null
60cb2352d370a46d6f240f8f,"Po Box 22137, Doha, Qatar",JAHWEEL GROUP TRADING & CONTRACTING LTD,null,"[""009744872140""]",null
60cb2353d370a46d6f240f90,"P.O.Box: 1974, Doha, Qatar",DOHA INTERNATIONAL AIRPORT OFFICE,null,"[""009744621911""]",null
60cb2353d370a46d6f240f91,"P.O.Box: 9186, Doha, Qatar",DOHA BANK-KHEREITYAT BRANCH,null,"[""009744783398""]",null
60cb2353d370a46d6f240f92,"Po Box 179, Doha, Qatar",KHALIL AL FARDAN EXCHANGE EST,null,"[""009744423118""]",null
60cb2353d370a46d6f240f93,"P.O.Box: 4820, Doha, Qatar",DOHA BANK -THE C_RING ROAD BRANCH,null,"[""009744659421""]",null
60cb2353d370a46d6f240f94,"Bin Omran Area, P.O.Box 20366",Derwind Trading & Contracting Co WLL,null,"[""44873131""]",null
60cb2353d370a46d6f240f95,"P.O.Box: 61634, Doha, Qatar",DOHA BANK -KOHER BRANCH,null,"[""009744722915""]",null
60cb2353d370a46d6f240f96,"Al Furousia St, Muaither, P.O.Box 45267",Convert Engineering & Trading,null,"[""44160343""]",null
60cb2353d370a46d6f240f97,"Salwa Road, P.O.Box 92",Darwish Trading Co. WLL,null,"[""44422781""]",null
60cb2353d370a46d6f240f98,"PO Box 6409, Doha, Qatar",Dash Intl. Trade,null,"[""009744836034""]",null
60cb2353d370a46d6f240f99,"Po Box 371, Doha, Qatar",CITY EXCHANGE CO,null,"[""009744414623""]",null
60cb2353d370a46d6f240f9a,"P.O. Box 1681 Ad Dawhah, Doha, Qatar",City Exchange,null,"[""974 4414632""]",null
60cb2353d370a46d6f240f9b,"C-Ring Road, Al Emadi Bldg, P.O.Box 16081",City Exchange Company WLL,null,"[""44377403""]",null
60cb2353d370a46d6f240f9c,"PO Box 4505, Doha, Qatar",Business Trading Co,null,"[""009744875222""]",null
60cb2353d370a46d6f240f9d,"PO Box 60323, Doha, Qatar",BO Jamhoor Trading & Cont Co,null,"[""009744880468""]",null
60cb2353d370a46d6f240f9e,"PO Box 2545, Doha, Qatar",Arabian Trading & Services Co,null,"[""009744680104"",""4427679"",""4427163""]",null
60cb2354d370a46d6f240f9f,"Al Luqta, P.O.Box 24159",Bo Jamhoor Trad. and Cont Co WLL,null,"[""44880468""]",null
60cb2354d370a46d6f240fa0,"P.O. Box 32218 Ad Dawhah, Doha, Qatar",Astic General Trading L.L.C.,null,"[""974 2828005""]",null
60cb2354d370a46d6f240fa1,"Po Box 1632, Doha, Qatar",ARAB PAPER PRODUCTS CO,null,"[""009744601796""]",null
60cb2354d370a46d6f240fa2,"C-Ring Road, P.O.Box 2603",Aswan Trading & Contracting Co.,null,"[""44413265""]",null
60cb2354d370a46d6f240fa3,"Trading Division, PO Box 15224, Doha, Qatar",International Trading & Contracting Co,null,"[""009744878921""]",null
60cb2354d370a46d6f240fa4,"Nr. Sana R/A, Al Refa Tower, P.O.Box 12931",International Negotiator Trading & Contg WLL,null,"[""44423256""]",null
60cb2354d370a46d6f240fa5,"P.O. Box 8173 Ad Dawhah, Doha, Qatar",Ibn Ajayan Trading,null,"[""974 4602606""]",null
60cb2354d370a46d6f240fa6,"P.O.Box: 1974, Doha, Qatar",IMMIGRATION BUILDING OFFICE,null,"[""009744874219""]",null
60cb2354d370a46d6f240fa7,"Nr. Sana Roundabout, P.O.Box 7271",Horizontal Trading & Contracting Co,null,"[""44312943""]",null
60cb2354d370a46d6f240fa8,"Electrical Street, P.O.Box 4154",Haya Trading & Contracting Co WLL,null,"[""44415499""]",null
60cb2354d370a46d6f240fa9,"Al Diwan St, P.O.Box 4154",Haya Trading & Contracting Co,null,"[""44415499""]",null
60cb2354d370a46d6f240faa,"Duhail, P.O.Box 21960",Hanco Trading & Contracting WLL,null,"[""44919024""]",null
60cb2354d370a46d6f240fab,"Po Box 6471, Doha, Qatar",HAMAD AL MARRI TRADING & CONTRACTING EST,null,"[""009744880793""]",null
60cb2354d370a46d6f240fac,"P.O.Box: 8953, Doha, Qatar",HABIB QATAR INTERNATIONAL FINANCE ( SOUQ ASSIERY,null,"[""009744414989""]",null
60cb2354d370a46d6f240fad,"Po Box 427, Doha, Qatar",HASSAN MAHMOOD AL HAIDOOS & SONS,null,"[""009744325670""]",null
60cb2354d370a46d6f240fae,"P.O. Box 1188, Ad Dawhah, Doha, Qatar",Habib Qatar International Exchange Limited,null,"[""974 4424035""]",null
60cb2355d370a46d6f240faf,"P.O.Box: 7585, Doha, Qatar",HABIB QATAR INTERNATIONAL FINANCE INVESTMENT SOUQ WAQAF,null,"[""009744436267""]",null
60cb2355d370a46d6f240fb0,"P.O.Box: 5821, Doha, Qatar",GULF FINANCE & EXCHANGE CO.,null,"[""009744426595""]",null
60cb2355d370a46d6f240fb1,"P.O.Box: 5821, Doha, Qatar",GULF FINANCE & EXCHANGE SERVICES,null,"[""009744383222""]",null
60cb2355d370a46d6f240fb2,"Po Box 52, Doha, Qatar",ARABIAN EST,null,"[""009744425588""]",null
60cb2355d370a46d6f240fb3,"Po Box 3028, Doha, Qatar",GULF DREAM TRADING & CONTRACTING COMPANY LIMITED,null,"[""009744358529""]",null
60cb2355d370a46d6f240fb4,"Po Box 15792, Doha, Qatar",GULF COMMERCIAL INTEGRATION CO,null,"[""009744441774""]",null
60cb2355d370a46d6f240fb5,"PO Box 4847, Doha, Qatar",Gulf Exchange Co,null,"[""009744383222""]",null
60cb2355d370a46d6f240fb6,"Po Box 2953, Doha, Qatar",ARAB COMMERCIAL CENTER,null,"[""009744414747""]",null
60cb2355d370a46d6f240fb7,"Souq Al Najada, P.O.Box 23497",Al Zaman Exchange WLL,null,"[""44441448""]",null
60cb2355d370a46d6f240fb8,"P.O. Box 15210 Ad Dawhah, Doha, Qatar",Apex Fire Engineering And Trade Establishment,null,"[""974 4328329""]",null
60cb2355d370a46d6f240fb9,"P.O.Box: 4206, Doha, Qatar",AL-WAKRAH BRANCH,null,"[""009744641825""]",null
60cb2355d370a46d6f240fba,"P.O. Box 7565 Ad Dawhah, Doha, Qatar",American Qatari International Trade,null,"[""974 4237900""]",null
60cb2355d370a46d6f240fbb,"Po Box 22031, Doha, Qatar",AL WADHAIHI CAR SHOWROOM,null,"[""009744323978""]",null
60cb2355d370a46d6f240fbc,"P.O.Box: 6950, Doha, Qatar",AL WAKARH BRANCH,null,"[""009744641907""]",null
60cb2355d370a46d6f240fbd,"P.O. Box 6685 Ad Dawhah, Doha, Qatar",Al Worood Paint Trading,null,"[""974 4426667""]",null
60cb2355d370a46d6f240fbe,"Al Mansoura, P.O.Box 1486",Alwaha Contracting & Trading Co WLL,null,"[""44416306""]",null
60cb2355d370a46d6f240fbf,"Po Box 15578, Doha, Qatar",AL SUMAITI REAL ESTATE & SERVICE EST,null,"[""009744432884""]",null
60cb2355d370a46d6f240fc0,"P.O.Box: 18101, Doha, Qatar",AL-SAAD EXCHANGE,null,"[""009744323334"",""4327774""]",null
60cb2355d370a46d6f240fc1,"P.O.Box: 4509, Doha, Qatar",ARABIAN EXCHANGE CO.,null,"[""009744438300"",""4438300""]",null
60cb2355d370a46d6f240fc2,"Po Box 6318, Doha, Qatar",AL SHEIBI FINANCE & EXCHANGE CO,null,"[""009744323359""]",null
60cb2355d370a46d6f240fc3,"P.O.Box: 1533, Doha, Qatar",AL-SAED BRANCH,null,"[""009744477377""]",null
60cb2356d370a46d6f240fc4,"P.O.Box: 1533, Doha, Qatar",AL-SALWA BRANCH,null,"[""009744681667""]",null
60cb2356d370a46d6f240fc5,"P.O. Box 21762 Ad Dawhah, Doha, Qatar",Al Suwaidi Trading And Development,null,"[""974 4422670""]",null
60cb2356d370a46d6f240fc6,"P.O. Box 17127 Ad Dawhah, Doha, Qatar",Al Sadd Exchange Company W.L.L.,null,"[""974 4323334""]",null
60cb2356d370a46d6f240fc7,"Al Sadd St, P.O.Box 17127",Al Sadd Exchange,null,"[""44323334""]",null
60cb2356d370a46d6f240fc8,"P.O.Box: 22862, Doha, Qatar",AL RAYAN BANK,null,"[""009744131465""]",null
60cb2356d370a46d6f240fc9,"Po Box 1227, Doha, Qatar",AL QIYADAH FOR CONTRACTING,null,"[""009744434881""]",null
60cb2356d370a46d6f240fca,"P.O. Box 1965 Ad Dawhah, Doha, Qatar",Al Obeidly Trading Technology,null,"[""974 4325111""]",null
60cb2356d370a46d6f240fcb,"P.O. Box 4369 Ad Dawhah, Doha, Qatar",Al Qateflah Trading,null,"[""974 4447344""]",null
60cb2356d370a46d6f240fcc,"P.O. Box 18210 Ad Dawhah, Doha, Qatar",Al Raffa Trading & Service,null,"[""974 4432627""]",null
60cb2356d370a46d6f240fcd,"PO Box 9440, Doha, Qatar",Al Mana Import & Trade Est,null,"[""009744360031/32""]",null
60cb2356d370a46d6f240fce,"Po Box 80210, Doha, Qatar",AL MOASAWI TRADING & CONTRACTING COMPANY,null,"[""009744355186""]",null
60cb2356d370a46d6f240fcf,"Po Box 975, Doha, Qatar",AL MEMAR TRADING & CONTRACTING COMPANY,null,"[""009744421891""]",null
60cb2356d370a46d6f240fd0,"Po Box 875, Doha, Qatar",AL MUFTAH GROUP (TIRE & LUB DIV),null,"[""009744682283""]",null
60cb2356d370a46d6f240fd1,"Po Box 8545, Doha, Qatar",AL MANSOOR TRADING LTD CO,null,"[""009744446534""]",null
60cb2356d370a46d6f240fd2,"Po Box 40402, Doha, Qatar",AL MANSOOR TRANSPORT & MECHANICAL SERVICE,null,"[""009744865066""]",null
60cb2356d370a46d6f240fd3,"Po Box 12168, Doha, Qatar",ARYAM TRADING & SERVICE EST,null,"[""009744420746""]",null
60cb2357d370a46d6f240fd4,"Po Box 4534, Doha, Qatar",AL SIYAF TRADING & MAINTENANCE EST,null,"[""009744443952""]",null
60cb2357d370a46d6f240fd5,"Po Box 11165, Doha, Qatar",AL SHABIBA TRADING & SERVICES CO,null,"[""009744443469""]",null
60cb2357d370a46d6f240fd6,"P.O.Box 30808, Doha, Qatar",Al Sayrafa Financial Services,null,"[""(00974) 44432043""]",null
60cb2357d370a46d6f240fd7,"P.O. Box 13583 Ad Dawhah, Doha, Qatar",Al Sadeeda Trading And Svsc,null,"[""974 4445438""]",null
60cb2357d370a46d6f240fd8,"Po Box 3696, Doha, Qatar",AL MANSHIA TRADING & SERVICE EST,null,"[""009744429069""]",null
60cb2357d370a46d6f240fd9,"Po Box 3525, Doha, Qatar",ALWAKEEL TRADING & SERVICE CO,null,"[""009744413446""]",null
60cb2357d370a46d6f240fda,"Po Box 90460, Doha, Qatar",AL HILAL SHOWROOM FOR BUYING & SELLING OF CARS,null,"[""009744601751""]",null
60cb2357d370a46d6f240fdb,"P.O.Box: 1313, Doha, Qatar",AL-FARDAN EXCHANGH,null,"[""009744408408""]",null
60cb2357d370a46d6f240fdc,"P.O. Box 7167 Ad Dawhah, Doha, Qatar",Al Ghanim Trading,null,"[""974 4685696""]",null
60cb2357d370a46d6f240fdd,"Po Box 91935, Doha, Qatar",AL HIJAJI CAR SHOWROOM,null,"[""009744601635""]",null
60cb2357d370a46d6f240fde,"Po Box 12296, Doha, Qatar",AL DAHABEB GARAGE & STEEL WORKSHOP,null,"[""009744601103""]",null
60cb2357d370a46d6f240fdf,"Po Box 90246, Doha, Qatar",AL ARDH FOR ELECTRICAL & COMMERCIAL CO,null,"[""009744080816""]",null
60cb2357d370a46d6f240fe0,"P.O.Box 24048, Doha, Qatar",Al Dar for Exchange Works,null,"[""(00974) 44550455""]",null
60cb2357d370a46d6f240fe1,"Po Box 4660, Doha, Qatar",A B N GROUP,null,[],null
60cb2357d370a46d6f240fe2,"Po Box 100139, Doha, Qatar",AL ATHBA REAL ESTATE & CARS BUYING SELLING OFFICE,null,"[""009744802754""]",null
60cb2357d370a46d6f240fe3,"Po Box 2754, Doha, Qatar",AL ATTIYAH MOTORS & TRADING CO,null,"[""009744420520""]",null
60cb2357d370a46d6f240fe4,"Po Box 724, Doha, Qatar",ABDUIRAHMAN & M JASSIM M MUFTAH,null,"[""009744423573""]",null
60cb2357d370a46d6f240fe5,"Po Box 9027, Doha, Qatar",AL AMRAA SERVICE EST,null,"[""009744437359""]",null
60cb2357d370a46d6f240fe6,"Po Box 139, Doha, Qatar",ABDULLAH BIN ALI MISNAD & SONS,null,"[""009744423433""]",null
60cb2358d370a46d6f240fe7,"Al Gharrafa, P.O.Box 773",Abdulla Mohd Abdulla & Sons Co,null,"[""44868514""]",null
60cb2358d370a46d6f240fe8,"Po Box 30380, Doha, Qatar",ABDUL HAMID BUKSHISHA INT EST,null,"[""009744329199""]",null
60cb2358d370a46d6f240fe9,"Salwa Road, P.O.Box 3740",Zener Qatar Trading & Contracting,null,"[""44370933""]",null
60cb2358d370a46d6f240fea,"Po Box 2578, Doha, Qatar",AL ANWAR AUTOMATIC GARAGE,null,"[""009744601205""]",null
60cb2358d370a46d6f240feb,"P.O.Box: 4206, Doha, Qatar",WAST BAY BRANCH,null,"[""009744831574""]",null
60cb2358d370a46d6f240fec,"P.O.Box: 25208, Doha, Qatar",TRUST EXCHANGE LTD. CO.,null,"[""009744352055""]",null
60cb2358d370a46d6f240fed,"Souq Ahamed Bldg., 2nd Floor, P.O.Box 24450",V9 Group WLL,null,"[""44417939""]",null
60cb2358d370a46d6f240fee,"P.O. Box 3002 Ad Dawhah, Doha, Qatar",Trust Exchange Company,null,"[""974 4352055""]",null
60cb2358d370a46d6f240fef,"P.O. Box 5742 Ad Dawhah, Doha, Qatar",Unitech - Universal Trading & Tech Sevs,null,"[""974 4694015""]",null
60cb2358d370a46d6f240ff0,"Po Box 3717, Doha, Qatar",TRUST EXCHANGE LTD CO,null,"[""009744432883""]",null
60cb2358d370a46d6f240ff1,"P.O.Box: 6920, Doha, Qatar",AL MANSOORA BRANCH,null,"[""009744439132""]",null
60cb2358d370a46d6f240ff2,"P.O.Box: 6946, Doha, Qatar",AL MARKHIYA BRANCH,null,"[""009744885242""]",null
60cb2358d370a46d6f240ff3,"P.O. Box 2211 Ad Dawhah, Doha, Qatar",Al Mana Auto Trade W.L.L.,null,"[""974 4888618""]",null
60cb2358d370a46d6f240ff4,"P.O. Box 139 Ad Dawhah, Doha, Qatar",Al Minsad Trading,null,"[""974 4312081""]",null
60cb2358d370a46d6f240ff5,"P.O.Box: 1222, Doha, Qatar",AL-MARGAB BRANCH,null,"[""009744436633""]",null
60cb2358d370a46d6f240ff6,"P.O. Box 6449 Ad Dawhah, Doha, Qatar",Al Mamzoore Trading,null,"[""974 4444238""]",null
60cb2359d370a46d6f240ff7,"Po Box 8055, Doha, Qatar",AL KHORY TRADING EST,null,"[""009744440442""]",null
60cb2359d370a46d6f240ff8,"P.O.Box: 1533, Doha, Qatar",AL-GHARAFA BRANCH,null,"[""009744866656""]",null
60cb2359d370a46d6f240ff9,"Po Box 123, Doha, Qatar",AL KHALEEJ PRINTING PRESS,null,"[""009744414123""]",null
60cb2359d370a46d6f240ffa,"Po Box 339, Doha, Qatar",AL FARDAN EXCHANGE & FINANCE CO,null,"[""009744408408""]",null
60cb235ad370a46d6f240ffb,"P.O.Box: 1533, Doha, Qatar",AL-GHWAEYRI OFFICE,null,"[""009744728318""]",null
60cb235ad370a46d6f240ffc,"P.O.Box: 1533, Doha, Qatar",AL-KHORE BRANCH,null,"[""009744721666""]",null
60cb235ad370a46d6f240ffd,"Al Maamoora, P.O.Box 2696",Al Mamoon Oil Field & Industrial Supplies Co,null,"[""44660200""]",null
60cb235ad370a46d6f240ffe,"P.O.Box: 1313, Doha, Qatar",AL FARDAN EXCHANGE & FINANCE CO.,null,"[""009744408408""]",null
60cb235ad370a46d6f240fff,"Po Box 119, Doha, Qatar",ALI BIN KHALIFA AL HITMI,null,"[""009744324659""]",null
60cb235ad370a46d6f241000,"P.O. Box 4824 Ad Dawhah, Doha, Qatar",Ali Abdulla Trading,null,"[""974 4414147""]",null
60cb235ad370a46d6f241001,"P.O.Box: 1308, Doha, Qatar",AL-FARDAN EXCHANGH & FINANCE,null,"[""009744408408""]",null
60cb235ad370a46d6f241002,"P.O. Box 339 Ad Dawhah, Doha, Qatar",Al Fardan Exchange And Finance Company W.L.L.,null,"[""974 4408408""]",null
60cb235ad370a46d6f241003,"IBQ Bldg., Airport Road, P.O.Box 14667",Al Bahri Trading,null,"[""44310602""]",null
60cb235ad370a46d6f241004,P.O.Box 37088,Al Etizaz Trading & Contracting Est.,null,"[""44279971""]",null
60cb235ad370a46d6f241005,"P.O.Box: 6950, Doha, Qatar",AL AHLI BANK,null,"[""009744604820""]",null
60cb235ad370a46d6f241006,"Po Box 9272, Doha, Qatar",AL DEEBAG DECORATION,null,"[""009744821000""]",null
60cb235ad370a46d6f241007,"P.O.Box: 3283, Doha, Qatar",AL-AHLI BANK(S.Q.C),null,"[""009744326611"",""4323366""]",null
60cb235ad370a46d6f241008,"Po Box 2754, Doha, Qatar",AL ATTIYA MOTORS & TRADING CO,null,"[""009744410023""]",null
60cb235ad370a46d6f241009,"P.O. Box 11182 Ad Dawhah, Doha, Qatar",Al Ahmadfi Steel Trading,null,"[""974 44194345""]",null
60cb235ad370a46d6f24100a,"Salwa Rd., Nr. Vegetable Market, P.O.Box 31330",Al Amlaq Int'l Trdg. Co WLL for Polyethlene Sheets,null,"[""44600733""]",null
60cb235ad370a46d6f24100b,"Po Box 1303, Doha, Qatar",ABDULLAH ALI AL MAJED,null,"[""009744430044""]",null
60cb235bd370a46d6f24100c,"Al Tawfeeq Bldg., Beside Qatar Airways, Old Airport Rd, P.O.Box 187",Al Contra Trading & Contracting WLL,null,"[""44626350""]",null
60cb235bd370a46d6f24100d,"Medium Road, Nr. Doha City, P.O.Box 3266, Doha, Qatar",Al Ahed Trading & Cont Co Ltd,null,"[""44414022""]",null
60cb235bd370a46d6f24100e,"Al Sadd Nr. QNB, P.O.Box 1991",A.K. Trdg. Ltd.,null,"[""44440474""]",null
60cb235bd370a46d6f24100f,"PO BOX:201846 D-Ring road, Doha-Qatar, Doha",LUSTRE TRADING AND CONTRACTING W.L.L.,null,"[""44670811""]",null
60cb235bd370a46d6f241010,"Najma, P.O.Box 82978",Zeus Trading & Contracting Co. WLL,null,"[""44357011""]",null
60cb235bd370a46d6f241011,"P.O 60496, Al Khor, Qatar, ",Gulf Village Project Company W.L.L,null,"[""+974 44781869""]",null
60cb235bd370a46d6f241012,"Po Box 9064 al muntazah business center Doha Qatar, Doha",INDUSTONE,null,"[""0097433215525""]",null
60cb235bd370a46d6f241013,"Airport Road,Infront of Najma Intersection, P.O.Box 5600",Almana Exchange WLL,null,"[""44489050"",""44424226""]",null
60cb2361d370a46d6f241014,"P.O. Box 1188 Ad Dawhah, Doha, Qatar",Western Union,[],"[""974 4424373""]",http://www.westernunion.com/Home
60cb2361d370a46d6f241015,"P.O.BOX. 1988, Doha, Qatar",Time & Tune Centre W.L.L,null,"[""97444424844""]",null
60cb2361d370a46d6f241016,"Pearl Tower, Al Sadd St, Doha, Qatar",AL-SADD BRANCH,null,"[""009744422133""]",null
60cb236ad370a46d6f241017,"Al Wakalat St 29, Salwa Ind Area, P.O. Box: 21878, Doha, Qatar",Mona Trading And Machinery,"[""sales@monatm.com"",""service@monatm.com""]","[""974 4607850""]",http://www.monatm.com
60cb236fd370a46d6f241018,"Ain Khaled, Salwa Rd, P.O. Box: 1391",Mohammed Hamad Al Mana Group of Co. WLL,[],"[""44583000"",""44689083""]",http://www.mhalmanagroup.com
